id,LOAN,MORTDUE,VALUE,REASON,JOB,YOJ,DEROG,DELINQ,CLAGE,NINQ,CLNO,DEBTINC,Prob,Score,CCCD,name
85219711-fb4d-41ff-bac1-1f7eebe6ceaf,9000,84532,10400085674567,ssss,ssss,3.0,0.0,0.0,50.666667,1.0,3.0,0.7,,595.0,977704798009.0,Cao
ed1efa83-1b64-4374-b80c-ef5fe741dde7,9000,84532,10400085674567,ssss,ssss,3.0,0.0,0.0,50.666667,1.0,3.0,0.7,,595.0,977704798009.0,Sơn 
